{"cameraMode":{"drawMode":0,"name":"Shaded","section":"Shading Mode"},"sceneLighting":true,"audioPlay":false,"sceneViewState":{"m_AlwaysRefresh":false,"showFog":true,"showSkybox":true,"showFlares":true,"showImageEffects":true,"showParticleSystems":true,"showVisualEffectGraphs":true,"m_FxEnabled":true},"in2DMode":false,"pivot":{"x":-6.501125335693359,"y":-157.5542449951172,"z":607.3075561523438},"rotation":{"x":0.12447793036699295,"y":-0.002665839157998562,"z":0.0003492125542834401,"w":0.992170512676239},"size":353.9356994628906,"orthographic":false}